Initial temperature,Pressure,Fi,Autoignition time,Final Temperature
1000.0
,101325.0
,,0.20000000000000001,99.999500000079351,1000.1304582420548
,,0.59999999999999998,99.999500000079351,1000.3719958200818
,,1.0,99.999500000079351,1000.56649397038
,,1.3999999999999999,99.999500000079351,1000.7261308743599
,,1.7999999999999998,99.999500000079351,1000.8596077283429
,,2.2000000000000002,99.999500000079351,1000.9728826987728
,,2.6000000000000001,99.999500000079351,1001.0701853997684
,,2.9999999999999996,99.999500000079351,1001.1546178380542
,,3.3999999999999999,99.999500000079351,1001.2285154005129
,,3.7999999999999998,99.999500000079351,1001.2936742854899
,131722.0
,,0.20000000000000001,99.999500000079351,1000.1788605041476
,,0.59999999999999998,99.999500000079351,1000.5077860512904
,,1.0,99.999500000079351,1000.7696673775205
,,1.3999999999999999,99.999500000079351,1000.9832739784445
,,1.7999999999999998,99.999500000079351,1001.161195147179
,,2.2000000000000002,99.999500000079351,1001.3118137868419
,,2.6000000000000001,99.999500000079351,1001.4409824341785
,,2.9999999999999996,99.999500000079351,1001.5529458514534
,,3.3999999999999999,99.999500000079351,1001.6508746640144
,,3.7999999999999998,99.999500000079351,1001.7371931101337
,162120.0
,,0.20000000000000001,99.999500000079351,1000.2286669567226
,,0.59999999999999998,99.999500000079351,1000.645609763768
,,1.0,99.999500000079351,1000.9748111611494
,,1.3999999999999999,99.999500000079351,1001.2421254305116
,,1.7999999999999998,99.999500000079351,1001.464171981488
,,2.2000000000000002,99.999500000079351,1001.6518102199379
,,2.6000000000000001,99.999500000079351,1001.8125357128539
,,2.9999999999999996,99.999500000079351,1001.9517434376419
,,3.3999999999999999,99.999500000079351,1002.0734411547539
,,3.7999999999999998,99.999500000079351,1002.1806807262318
,192517.0
,,0.20000000000000001,99.999500000079351,1000.2795649784542
,,0.59999999999999998,99.999500000079351,1000.7847109076256
,,1.0,99.999500000079351,1001.1809479140715
,,1.3999999999999999,99.999500000079351,1001.5015909617779
,,1.7999999999999998,99.999500000079351,1001.7673818089911
,,2.2000000000000002,99.999500000079351,1001.9916844087605
,,2.6000000000000001,99.999500000079351,1002.1836449258246
,,2.9999999999999996,99.999500000079351,1002.3498087267943
,,3.3999999999999999,99.999500000079351,1002.4950183010079
,,3.7999999999999998,99.999500000079351,1002.6229498894348
,222915.0
,,0.20000000000000001,99.999500000079351,1000.3313428925893
,,0.59999999999999998,99.999500000079351,1000.9246254122787
,,1.0,99.999500000079351,1001.3875079527546
,,1.3999999999999999,99.999500000079351,1001.7610602717184
,,1.7999999999999998,99.999500000079351,1002.0702060779965
,,2.2000000000000002,99.999500000079351,1002.3308268287016
,,2.6000000000000001,99.999500000079351,1002.5537188603781
,,2.9999999999999996,99.999500000079351,1002.7465738555373
,,3.3999999999999999,99.999500000079351,1002.9150639353358
,,3.7999999999999998,99.999500000079351,1003.0634850690869
,253312.0
,,0.20000000000000001,99.999500000079351,1000.3838350940821
,,0.59999999999999998,99.999500000079351,1001.0650167068892
,,1.0,99.999500000079351,1001.5940925860104
,,1.3999999999999999,99.999500000079351,1002.0201194452126
,,1.7999999999999998,99.999500000079351,1002.372238496115
,,2.2000000000000002,99.999500000079351,1002.6688504292075
,,2.6000000000000001,99.999500000079351,1002.922395942078
,,2.9999999999999996,99.999500000079351,1003.1417054417857
,,3.3999999999999999,99.999500000079351,1003.3332741314708
,,3.7999999999999998,99.999500000079351,1003.5020117457568
,283710.0
,,0.20000000000000001,99.999500000079351,1000.4369159110347
,,0.59999999999999998,99.999500000079351,1001.2056538520558
,,1.0,99.999500000079351,1001.8004464805286
,,1.3999999999999999,99.999500000079351,1002.2785219615771
,,1.7999999999999998,99.999500000079351,1002.6732565109756
,,2.2000000000000002,99.999500000079351,1003.0055640047619
,,2.6000000000000001,99.999500000079351,1003.289519261359
,,2.9999999999999996,99.999500000079351,1003.535082026339
,,3.3999999999999999,99.999500000079351,1003.7495623648531
,,3.7999999999999998,99.999500000079351,1003.9384774126116
,314107.0
,,0.20000000000000001,99.999500000079351,1000.4904754098612
,,0.59999999999999998,99.999500000079351,1001.3463444484863
,,1.0,99.999500000079351,1002.0063615804318
,,1.3999999999999999,99.999500000079351,1002.5360712616492
,,1.7999999999999998,99.999500000079351,1002.9730877907315
,,2.2000000000000002,99.999500000079351,1003.3408253541602
,,2.6000000000000001,99.999500000079351,1003.6549792687039
,,2.9999999999999996,99.999500000079351,1003.9266273814806
,,3.3999999999999999,99.999500000079351,1004.163885535124
,,3.7999999999999998,99.999500000079351,1004.3728711081066
,344505.0
,,0.20000000000000001,99.999500000079351,1000.5444271129172
,,0.59999999999999998,99.999500000079351,1001.4869542997041
,,1.0,99.999500000079351,1002.2117079842543
,,1.3999999999999999,99.999500000079351,1002.792661798472
,,1.7999999999999998,99.999500000079351,1003.2716598402249
,,2.2000000000000002,99.999500000079351,1003.67459846935
,,2.6000000000000001,99.999500000079351,1004.0187777362496
,,2.9999999999999996,99.999500000079351,1004.3163806366913
,,3.3999999999999999,99.999500000079351,1004.5763190270969
,,3.7999999999999998,99.999500000079351,1004.8053030038627
,374902.0
,,0.20000000000000001,99.999500000079351,1000.598690282134
,,0.59999999999999998,99.999500000079351,1001.6273599327509
,,1.0,99.999500000079351,1002.4163655721209
,,1.3999999999999999,99.999500000079351,1003.0481948260066
,,1.7999999999999998,99.999500000079351,1003.568903176571
,,2.2000000000000002,99.999500000079351,1004.0068469016994
,,2.6000000000000001,99.999500000079351,1004.380912200008
,,2.9999999999999996,99.999500000079351,1004.7043733803774
,,3.3999999999999999,99.999500000079351,1004.9869275826346
,,3.7999999999999998,99.999500000079351,1005.2358701290511
,405300.0
,,0.20000000000000001,99.999500000079351,1000.653201391135
,,0.59999999999999998,99.999500000079351,1001.767478629607
,,1.0,99.999500000079351,1002.6202689163188
,,1.3999999999999999,99.999500000079351,1003.302635340075
,,1.7999999999999998,99.999500000079351,1003.8648188323712
,,2.2000000000000002,99.999500000079351,1004.3376094786249
,,2.6000000000000001,99.999500000079351,1004.7414596646656
,,2.9999999999999996,99.999500000079351,1005.0907198251027
,,3.3999999999999999,99.999500000079351,1005.3958617114982
,,3.7999999999999998,99.999500000079351,1005.6647572402657
1100.0
,101325.0
,,0.20000000000000001,45.160500000024506,2807.6674553977723
,,0.59999999999999998,34.190500000013536,3333.9254890749726
,,1.0,29.943500000009294,3483.7205000171248
,,1.3999999999999999,27.553500000006903,3505.1807468125648
,,1.7999999999999998,25.996500000005344,3415.0210673876595
,,2.2000000000000002,24.897500000004246,3221.4124295973347
,,2.6000000000000001,24.079500000003428,2959.4414789486909
,,2.9999999999999996,23.448500000002795,2653.0828967252492
,,3.3999999999999999,22.948500000002298,2313.336225089352
,,3.7999999999999998,22.543500000001892,2010.6451733582594
,131722.0
,,0.20000000000000001,39.029500000018373,2827.7607843857609
,,0.59999999999999998,29.598500000008947,3374.3457532593711
,,1.0,25.967500000005316,3529.9902761588578
,,1.3999999999999999,23.925500000003275,3551.6240395773539
,,1.7999999999999998,22.595500000001945,3455.8568499325197
,,2.2000000000000002,21.654500000001004,3252.5212021552079
,,2.6000000000000001,20.954500000000301,2979.6606113576076
,,2.9999999999999996,20.41249999999976,2663.0669780453673
,,3.3999999999999999,19.98249999999933,2316.3663369991223
,,3.7999999999999998,19.633499999998982,2015.0964011472595
,162120.0
,,0.20000000000000001,34.88650000001423,2843.4835239288186
,,0.59999999999999998,26.490500000005838,3406.758129428626
,,1.0,23.274500000002622,3567.2074817412504
,,1.3999999999999999,21.467500000000815,3588.9243190006473
,,1.7999999999999998,20.289499999999638,3488.3932601924089
,,2.2000000000000002,19.456499999998805,3276.954654012327
,,2.6000000000000001,18.835499999998184,2995.2083086953794
,,2.9999999999999996,18.354499999997703,2670.5105345273969
,,3.3999999999999999,17.972499999997321,2318.5538962744417
,,3.7999999999999998,17.661499999997009,2019.5967541375546
,192517.0
,,0.20000000000000001,31.856500000011202,2856.3633858382354
,,0.59999999999999998,24.218500000003566,3433.861854868378
,,1.0,21.304500000000651,3598.4082084468805
,,1.3999999999999999,19.667499999999016,3620.1524756743324
,,1.7999999999999998,18.601499999997948,3515.446258931554
,,2.2000000000000002,17.846499999997196,3297.0237148921756
,,2.6000000000000001,17.284499999996633,3007.7533882260423
,,2.9999999999999996,16.848499999996196,2676.3664120445187
,,3.3999999999999999,16.50149999999585,2320.2335846103792
,,3.7999999999999998,16.219499999995566,2023.9503611515211
,222915.0
,,0.20000000000000001,29.52050000000887,2867.2493923741367
,,0.59999999999999998,22.467500000001817,3457.1819533316625
,,1.0,19.785499999999132,3625.3117331996036
,,1.3999999999999999,18.280499999997627,3647.0465503751921
,,1.7999999999999998,17.300499999996649,3538.6028671422769
,,2.2000000000000002,16.606499999995954,3314.0194288622606
,,2.6000000000000001,16.089499999995436,3018.2146788191635
,,2.9999999999999996,15.687499999995035,2681.1460848074857
,,3.3999999999999999,15.36849999999516,2321.5790220718941
,,3.7999999999999998,15.108499999995351,2028.1019263249543
,253312.0
,,0.20000000000000001,27.651500000007001,2876.6600549263003
,,0.59999999999999998,21.068500000000416,3477.6624030291086
,,1.0,18.571499999997918,3648.9842340406803
,,1.3999999999999999,17.172499999996521,3670.6838736772688
,,1.7999999999999998,16.260499999995609,3558.8434028534393
,,2.2000000000000002,15.615499999994981,3328.7335356041112
,,2.6000000000000001,15.133499999995335,3027.1488511096231
,,2.9999999999999996,14.760499999995607,2685.1529744424456
,,3.3999999999999999,14.463499999995827,2322.6904263794836
,,3.7999999999999998,14.221499999996004,2032.0433441960454
,283710.0
,,0.20000000000000001,26.113500000005462,2884.9367887872386
,,0.59999999999999998,19.918499999999266,3495.9327567220989
,,1.0,17.574499999996924,3670.1379877428235
,,1.3999999999999999,16.260499999995609,3691.7838272797517
,,1.7999999999999998,15.405499999995135,3576.8202166967376
,,2.2000000000000002,14.800499999995578,3341.689218513382
,,2.6000000000000001,14.34849999999591,3034.9195577497121
,,2.9999999999999996,13.998499999996167,2688.5815354754359
,,3.3999999999999999,13.719499999996373,2323.6305271152614
,,3.7999999999999998,13.492499999996539,2035.783486504127
,314107.0
,,0.20000000000000001,24.819500000004169,2892.3146304811062
,,0.59999999999999998,18.952499999998299,3512.4308650668472
,,1.0,16.735499999996083,3689.2690508987298
,,1.3999999999999999,15.495499999995069,3710.8472369147589
,,1.7999999999999998,14.687499999995662,3592.9862590874759
,,2.2000000000000002,14.11649999999608,3353.2477090542948
,,2.6000000000000001,13.689499999996395,3041.7755175281604
,,2.9999999999999996,13.358499999996637,2691.5626493393397
,,3.3999999999999999,13.095499999996832,2324.4407307148149
,,3.7999999999999998,12.880499999996989,2039.3358183373307
,344505.0
,,0.20000000000000001,23.71150000000306,2898.9636461448699
,,0.59999999999999998,18.126499999997474,3527.4770159789532
,,1.0,16.019499999995368,3706.7408145695786
,,1.3999999999999999,14.841499999995548,3728.2408163944892
,,1.7999999999999998,14.07449999999611,3607.6721684882027
,,2.2000000000000002,13.531499999996512,3363.6710820108588
,,2.6000000000000001,13.126499999996808,3047.8954112855445
,,2.9999999999999996,12.812499999997039,2694.1888746984528
,,3.3999999999999999,12.561499999997224,2325.1497979996293
,,3.7999999999999998,12.357499999997374,2042.7151306260203
,374902.0
,,0.20000000000000001,22.749500000002097,2905.0094594460293
,,0.59999999999999998,17.410499999996759,3541.3096892975882
,,1.0,15.398499999995138,3722.824130352622
,,1.3999999999999999,14.274499999995964,3744.2378200499306
,,1.7999999999999998,13.542499999996501,3621.1238093097468
,,2.2000000000000002,13.025499999996883,3373.153351551814
,,2.6000000000000001,12.638499999997165,3053.4105141575687
,,2.9999999999999996,12.339499999997388,2696.5273518633567
,,3.3999999999999999,12.100499999997561,2325.778281475627
,,3.7999999999999998,11.905499999997707,2045.9350436148086
,405300.0
,,0.20000000000000001,21.904500000001253,2910.5486985958064
,,0.59999999999999998,16.78249999999613,3554.114155121566
,,1.0,14.854499999995538,3737.7296910331738
,,1.3999999999999999,13.777499999996332,3759.0507082955496
,,1.7999999999999998,13.076499999996845,3633.5317849987059
,,2.2000000000000002,12.580499999997208,3381.844071108927
,,2.6000000000000001,12.210499999997481,3058.4211221730011
,,2.9999999999999996,11.924499999997691,2698.6286832074161
,,3.3999999999999999,11.69549999999786,2326.341448568347
,,3.7999999999999998,11.508499999997996,2049.0084036652574
1200.0
,101325.0
,,0.20000000000000001,4.7905000000003115,2833.7548865690296
,,0.59999999999999998,3.6075000000001545,3336.1492506546142
,,1.0,3.1685000000000962,3482.7920958921754
,,1.3999999999999999,2.9275000000000642,3506.0527022004326
,,1.7999999999999998,2.7745000000000437,3424.1811543349522
,,2.2000000000000002,2.66950000000003,3245.6436450461165
,,2.6000000000000001,2.5935000000000197,3002.9935079236043
,,2.9999999999999996,2.5365000000000122,2720.1642913939177
,,3.3999999999999999,2.4945000000000066,2404.9122865820054
,,3.7999999999999998,2.4615000000000022,2098.6903079817735
,131722.0
,,0.20000000000000001,4.1345000000002248,2855.1165419457921
,,0.59999999999999998,3.1125000000000886,3376.9370178579738
,,1.0,2.7355000000000387,3529.3171439002222
,,1.3999999999999999,2.5285000000000113,3552.8837147569579
,,1.7999999999999998,2.3964999999999939,3465.9088001110849
,,2.2000000000000002,2.3054999999999817,3278.3393864333912
,,2.6000000000000001,2.2404999999999728,3025.4011198002681
,,2.9999999999999996,2.1914999999999667,2732.5101938936696
,,3.3999999999999999,2.1534999999999616,2409.5046983577136
,,3.7999999999999998,2.1244999999999576,2103.1684776922266
,162120.0
,,0.20000000000000001,3.6945000000001658,2871.8764146442268
,,0.59999999999999998,2.7805000000000448,3409.6582215426288
,,1.0,2.4445000000000001,3566.7519775408205
,,1.3999999999999999,2.2604999999999755,3590.5152829328122
,,1.7999999999999998,2.1424999999999601,3499.2008493296871
,,2.2000000000000002,2.061499999999949,3304.0928369497524
,,2.6000000000000001,2.0024999999999413,3042.7255360077661
,,2.9999999999999996,1.9584999999999355,2741.7976587894905
,,3.3999999999999999,1.9244999999999375,2412.8479625250593
,,3.7999999999999998,1.8974999999999396,2107.2844739785414
,192517.0
,,0.20000000000000001,3.3755000000001236,2885.6365656805287
,,0.59999999999999998,2.5375000000000125,3437.0300947877518
,,1.0,2.232499999999972,3598.1437696409484
,,1.3999999999999999,2.0644999999999496,3622.034952879063
,,1.7999999999999998,1.9574999999999354,3526.9142751575359
,,2.2000000000000002,1.8834999999999407,3325.2975979154862
,,2.6000000000000001,1.8294999999999453,3056.7678927336392
,,2.9999999999999996,1.7894999999999486,2749.157330761715
,,3.3999999999999999,1.7574999999999514,2415.4300312844039
,,3.7999999999999998,1.7334999999999534,2111.1017812806176
,222915.0
,,0.20000000000000001,3.1305000000000911,2897.2890078891437
,,0.59999999999999998,2.3514999999999877,3460.5882772080977
,,1.0,2.0694999999999504,3625.2184579287082
,,1.3999999999999999,1.9144999999999384,3649.1907517425643
,,1.7999999999999998,1.8154999999999466,3550.6604597924356
,,2.2000000000000002,1.7464999999999524,3343.2933027989216
,,2.6000000000000001,1.6974999999999565,3068.5237406159258
,,2.9999999999999996,1.6594999999999596,2755.2009633253756
,,3.3999999999999999,1.6304999999999623,2417.5066055981329
,,3.7999999999999998,1.607499999999964,2114.6687860279189
,253312.0
,,0.20000000000000001,2.9345000000000652,2907.37935035179
,,0.59999999999999998,2.203499999999968,3481.2835423024944
,,1.0,1.9394999999999361,3649.0465422602856
,,1.3999999999999999,1.7944999999999485,3673.0664815199993
,,1.7999999999999998,1.7024999999999562,3571.435401692539
,,2.2000000000000002,1.6384999999999617,3358.9027152134449
,,2.6000000000000001,1.5914999999999653,3078.5981993638006
,,2.9999999999999996,1.5564999999999685,2760.2938470665972
,,3.3999999999999999,1.5284999999999709,2419.2264671097605
,,3.7999999999999998,1.5074999999999723,2118.0215812561719
,283710.0
,,0.20000000000000001,2.7745000000000437,2916.2673693028273
,,0.59999999999999998,2.0824999999999521,3499.7501178193338
,,1.0,1.8324999999999454,3670.3433126763844
,,1.3999999999999999,1.6964999999999568,3694.3860282808714
,,1.7999999999999998,1.6094999999999637,3589.9022991771944
,,2.2000000000000002,1.5484999999999691,3372.6703004154829
,,2.6000000000000001,1.5044999999999729,3087.3877790187366
,,2.9999999999999996,1.4714999999999754,2764.6714598345484
,,3.3999999999999999,1.4454999999999776,2420.6833750676478
,,3.7999999999999998,1.4244999999999797,2121.1884525661094
,314107.0
,,0.20000000000000001,2.640500000000026,2924.201040729919
,,0.59999999999999998,1.9804999999999384,3516.4291837477713
,,1.0,1.7434999999999525,3689.6069901081059
,,1.3999999999999999,1.6144999999999636,3713.6534525101247
,,1.7999999999999998,1.5314999999999703,3606.5218598095239
,,2.2000000000000002,1.4744999999999755,3384.9724212539595
,,2.6000000000000001,1.432499999999979,3095.1643600447997
,,2.9999999999999996,1.4004999999999816,2768.4930726934413
,,3.3999999999999999,1.3754999999999835,2421.9395606666726
,,3.7999999999999998,1.3564999999999854,2124.1914281606828
,344505.0
,,0.20000000000000001,2.5255000000000107,2931.3600097019794
,,0.59999999999999998,1.89349999999994,3531.6435249772421
,,1.0,1.6674999999999589,3707.2026054458574
,,1.3999999999999999,1.5434999999999695,3731.2379179981781
,,1.7999999999999998,1.465499999999976,3621.6305697942707
,,2.2000000000000002,1.4104999999999808,3396.0824721216504
,,2.6000000000000001,1.3704999999999841,3102.1237700210991
,,2.9999999999999996,1.3404999999999867,2771.8718526648058
,,3.3999999999999999,1.3164999999999887,2423.0384663125187
,,3.7999999999999998,1.2974999999999901,2127.0487268802976
,374902.0
,,0.20000000000000001,2.4254999999999973,2937.8771008249237
,,0.59999999999999998,1.8174999999999464,3545.6335134446126
,,1.0,1.6014999999999644,3723.4022605799832
,,1.3999999999999999,1.4834999999999745,3747.4145460945474
,,1.7999999999999998,1.4074999999999809,3635.4787376688055
,,2.2000000000000002,1.3554999999999853,3406.2030356761329
,,2.6000000000000001,1.3164999999999887,3108.4101760489361
,,2.9999999999999996,1.287499999999991,2774.8902052673752
,,3.3999999999999999,1.2654999999999927,2424.0112686998095
,,3.7999999999999998,1.2474999999999943,2129.7750412588284
,405300.0
,,0.20000000000000001,2.3374999999999857,2943.854594914897
,,0.59999999999999998,1.7514999999999519,3558.5859216373888
,,1.0,1.5434999999999695,3738.417649715047
,,1.3999999999999999,1.4294999999999789,3762.3972928949943
,,1.7999999999999998,1.3574999999999851,3648.2605126312833
,,2.2000000000000002,1.3064999999999896,3415.4904503927492
,,2.6000000000000001,1.2704999999999926,3114.1339802298003
,,2.9999999999999996,1.2424999999999948,2777.6104866174974
,,3.3999999999999999,1.2204999999999968,2424.8812164804112
,,3.7999999999999998,1.2024999999999983,2132.3830321082842
1300.0
,101325.0
,,0.20000000000000001,0.75650000000001194,2858.6542425913444
,,0.59999999999999998,0.56850000000000733,3339.3344141800844
,,1.0,0.50250000000000572,3483.1119319466156
,,1.3999999999999999,0.46850000000000486,3508.0986263287632
,,1.7999999999999998,0.4485000000000044,3433.8847831205499
,,2.2000000000000002,0.43550000000000411,3269.3035225605245
,,2.6000000000000001,0.42650000000000388,3044.5469923685105
,,2.9999999999999996,0.4205000000000037,2783.6472460282275
,,3.3999999999999999,0.41750000000000365,2492.9968846570309
,,3.7999999999999998,0.41450000000000359,2197.8172895296693
,131722.0
,,0.20000000000000001,0.6505000000000094,2881.2241940369054
,,0.59999999999999998,0.48750000000000532,3380.4997882312368
,,1.0,0.43150000000000399,3529.9137764363531
,,1.3999999999999999,0.4025000000000033,3555.3292339917339
,,1.7999999999999998,0.38450000000000284,3476.4734393703939
,,2.2000000000000002,0.37350000000000255,3303.5169189294074
,,2.6000000000000001,0.36550000000000238,3069.0810073854982
,,2.9999999999999996,0.36050000000000226,2798.4515502838485
,,3.3999999999999999,0.3575000000000022,2499.5526069552616
,,3.7999999999999998,0.35450000000000209,2201.8670789447428
,162120.0
,,0.20000000000000001,0.57950000000000756,2898.9743123984554
,,0.59999999999999998,0.43450000000000405,3413.5375851758686
,,1.0,0.38450000000000284,3567.5833840656087
,,1.3999999999999999,0.35850000000000221,3593.3008360485487
,,1.7999999999999998,0.3425000000000018,3510.4942168926686
,,2.2000000000000002,0.33150000000000157,3330.5349878394618
,,2.6000000000000001,0.3245000000000014,3088.1412246482832
,,2.9999999999999996,0.32050000000000128,2809.6814884605678
,,3.3999999999999999,0.31750000000000123,2504.3730636128489
,,3.7999999999999998,0.31450000000000111,2205.3323481387756
,192517.0
,,0.20000000000000001,0.52850000000000641,2913.5765974387032
,,0.59999999999999998,0.39550000000000313,3441.1838612092511
,,1.0,0.34950000000000198,3599.1804988423255
,,1.3999999999999999,0.32650000000000146,3625.1187705951843
,,1.7999999999999998,0.31150000000000105,3538.8440880716335
,,2.2000000000000002,0.30150000000000082,3352.8296050127465
,,2.6000000000000001,0.29550000000000065,3103.6533427408458
,,2.9999999999999996,0.29150000000000059,2818.6411650129203
,,3.3999999999999999,0.28750000000000048,2508.1243537667228
,,3.7999999999999998,0.28550000000000042,2208.4216192250187
,222915.0
,,0.20000000000000001,0.48950000000000532,2925.9635368604954
,,0.59999999999999998,0.36550000000000238,3464.9853301185717
,,1.0,0.32350000000000134,3626.4385570372028
,,1.3999999999999999,0.30150000000000082,3652.5416742798702
,,1.7999999999999998,0.28750000000000048,3563.1581468192426
,,2.2000000000000002,0.27850000000000025,3371.7864110258429
,,2.6000000000000001,0.27250000000000013,3116.6853242139819
,,2.9999999999999996,0.26850000000000002,2826.0410838140278
,,3.3999999999999999,0.26549999999999996,2511.1592653613966
,,3.7999999999999998,0.2634999999999999,2211.2445835887438
,253312.0
,,0.20000000000000001,0.45850000000000463,2936.7062714856279
,,0.59999999999999998,0.3425000000000018,3485.8998397426044
,,1.0,0.30250000000000082,3650.4328993226109
,,1.3999999999999999,0.28150000000000036,3676.6601967903043
,,1.7999999999999998,0.26950000000000007,3584.4476296817006
,,2.2000000000000002,0.26049999999999984,3388.2575469091348
,,2.6000000000000001,0.25449999999999967,3127.8881176768009
,,2.9999999999999996,0.25049999999999956,2832.3079419018986
,,3.3999999999999999,0.24849999999999953,2513.6848162589504
,,3.7999999999999998,0.2464999999999995,2213.8655092039553
,283710.0
,,0.20000000000000001,0.43250000000000399,2946.1818922326397
,,0.59999999999999998,0.32250000000000134,3504.5664752655434
,,1.0,0.28550000000000042,3671.8821713169091
,,1.3999999999999999,0.26549999999999996,3698.2029730128911
,,1.7999999999999998,0.25349999999999967,3603.3862640604407
,,2.2000000000000002,0.24549999999999947,3402.807635919502
,,2.6000000000000001,0.24049999999999944,3137.6893873955951
,,2.9999999999999996,0.23649999999999946,2837.7182382286842
,,3.3999999999999999,0.23349999999999943,2515.8324197462539
,,3.7999999999999998,0.23149999999999946,2216.3258259731238
,314107.0
,,0.20000000000000001,0.41150000000000347,2954.6505804752746
,,0.59999999999999998,0.30650000000000094,3521.4298708826973
,,1.0,0.27150000000000007,3691.286997255555
,,1.3999999999999999,0.25249999999999961,3717.6774647192119
,,1.7999999999999998,0.24049999999999944,3620.442278128442
,,2.2000000000000002,0.23349999999999943,3415.8273720558714
,,2.6000000000000001,0.22849999999999948,3146.383015863571
,,2.9999999999999996,0.22449999999999951,2842.4598079880298
,,3.3999999999999999,0.22149999999999948,2517.6898254970383
,,3.7999999999999998,0.21949999999999947,2218.6535133314878
,344505.0
,,0.20000000000000001,0.39350000000000307,2962.3010275673018
,,0.59999999999999998,0.29250000000000059,3536.8153995112207
,,1.0,0.25849999999999979,3709.0142219136696
,,1.3999999999999999,0.24049999999999944,3735.4554046650046
,,1.7999999999999998,0.22949999999999945,3635.9578219122941
,,2.2000000000000002,0.2224999999999995,3427.6008793632782
,,2.6000000000000001,0.2174999999999995,3154.1811558568238
,,2.9999999999999996,0.21449999999999952,2846.6666841179035
,,3.3999999999999999,0.21149999999999949,2519.3186282452057
,,3.7999999999999998,0.20949999999999952,2220.8689054133783
,374902.0
,,0.20000000000000001,0.37850000000000267,2969.272861266606
,,0.59999999999999998,0.28150000000000036,3550.9653910855031
,,1.0,0.24849999999999953,3725.3373268402102
,,1.3999999999999999,0.23149999999999946,3751.8138681504643
,,1.7999999999999998,0.2204999999999995,3650.1875049567598
,,2.2000000000000002,0.2134999999999995,3438.3388603495509
,,2.6000000000000001,0.20849999999999955,3161.2402679026613
,,2.9999999999999996,0.20549999999999952,2850.4368063159177
,,3.3999999999999999,0.20249999999999957,2520.763234012863
,,3.7999999999999998,0.20049999999999957,2222.9869222142738
,405300.0
,,0.20000000000000001,0.36450000000000238,2975.6737066624491
,,0.59999999999999998,0.27050000000000007,3564.0681715636206
,,1.0,0.23949999999999944,3740.4691076108534
,,1.3999999999999999,0.2224999999999995,3766.9683730302922
,,1.7999999999999998,0.21249999999999952,3663.3289054740153
,,2.2000000000000002,0.20549999999999952,3448.2040869482898
,,2.6000000000000001,0.20049999999999957,3167.6804122805302
,,2.9999999999999996,0.19749999999999954,2853.8445584354804
,,3.3999999999999999,0.19449999999999959,2522.0569057501511
,,3.7999999999999998,0.19349999999999956,2225.0193258762615
1400.0
,101325.0
,,0.20000000000000001,0.17049999999999965,2882.4292558007241
,,0.59999999999999998,0.12649999999999978,3343.3019955923328
,,1.0,0.11249999999999978,3484.4638216860835
,,1.3999999999999999,0.1064999999999998,3511.103644036798
,,1.7999999999999998,0.10249999999999981,3443.9701937532604
,,2.2000000000000002,0.10049999999999981,3292.2954173998032
,,2.6000000000000001,0.099499999999999811,3084.0612934219444
,,2.9999999999999996,0.099499999999999811,2843.3316346323145
,,3.3999999999999999,0.099499999999999811,2576.4352385143011
,,3.7999999999999998,0.099499999999999811,2298.0303480288972
,131722.0
,,0.20000000000000001,0.14549999999999969,2906.1493088921702
,,0.59999999999999998,0.10749999999999979,3384.8526593714105
,,1.0,0.096499999999999822,3531.5599751903605
,,1.3999999999999999,0.090499999999999844,3558.7426712107122
,,1.7999999999999998,0.087499999999999856,3487.3898390041495
,,2.2000000000000002,0.085499999999999854,3327.956597957651
,,2.6000000000000001,0.085499999999999854,3110.6427711656538
,,2.9999999999999996,0.084499999999999853,2860.6181914199001
,,3.3999999999999999,0.084499999999999853,2585.2825608306925
,,3.7999999999999998,0.085499999999999854,2302.4061167050427
,162120.0
,,0.20000000000000001,0.12849999999999975,2924.843691914075
,,0.59999999999999998,0.095499999999999821,3418.2129344855525
,,1.0,0.085499999999999854,3569.478315760035
,,1.3999999999999999,0.080499999999999863,3597.0607173282842
,,1.7999999999999998,0.077499999999999875,3522.1132527471455
,,2.2000000000000002,0.075499999999999887,3356.1828422629187
,,2.6000000000000001,0.075499999999999887,3131.3819230038439
,,2.9999999999999996,0.074499999999999886,2873.8297297650843
,,3.3999999999999999,0.074499999999999886,2591.8561344592113
,,3.7999999999999998,0.075499999999999887,2305.9123550777044
,192517.0
,,0.20000000000000001,0.11649999999999977,2940.2502945177821
,,0.59999999999999998,0.086499999999999855,3446.1383405906113
,,1.0,0.077499999999999875,3601.2923676461046
,,1.3999999999999999,0.072499999999999898,3629.1817968943024
,,1.7999999999999998,0.070499999999999896,3551.0763638348699
,,2.2000000000000002,0.068499999999999908,3379.5200986699533
,,2.6000000000000001,0.068499999999999908,3148.3212817290614
,,2.9999999999999996,0.067499999999999907,2884.4358136489891
,,3.3999999999999999,0.067499999999999907,2597.0137086994
,,3.7999999999999998,0.067499999999999907,2308.8839864256452
,222915.0
,,0.20000000000000001,0.10749999999999979,2953.3397604580277
,,0.59999999999999998,0.079499999999999876,3470.1870183926749
,,1.0,0.071499999999999897,3628.7437466241022
,,1.3999999999999999,0.066499999999999906,3656.875639354299
,,1.7999999999999998,0.064499999999999919,3575.9373197662576
,,2.2000000000000002,0.063499999999999918,3399.397542782172
,,2.6000000000000001,0.062499999999999917,3162.5968576973287
,,2.9999999999999996,0.062499999999999917,2893.2418155882506
,,3.3999999999999999,0.062499999999999917,2601.2142215146259
,,3.7999999999999998,0.062499999999999917,2311.4953638713791
,253312.0
,,0.20000000000000001,0.10049999999999981,2964.7073100885555
,,0.59999999999999998,0.074499999999999886,3491.3241041119686
,,1.0,0.066499999999999906,3652.9130533702573
,,1.3999999999999999,0.062499999999999917,3681.2400325758927
,,1.7999999999999998,0.060499999999999929,3597.7221553206705
,,2.2000000000000002,0.058499999999999934,3416.6951138957998
,,2.6000000000000001,0.058499999999999934,3174.9027357572231
,,2.9999999999999996,0.057499999999999933,2900.7337828780546
,,3.3999999999999999,0.057499999999999933,2604.7292085987551
,,3.7999999999999998,0.057499999999999933,2313.8473799852454
,283710.0
,,0.20000000000000001,0.094499999999999834,2974.746378535373
,,0.59999999999999998,0.070499999999999896,3510.1936807294383
,,1.0,0.062499999999999917,3674.5225684931361
,,1.3999999999999999,0.058499999999999934,3703.0085486747353
,,1.7999999999999998,0.056499999999999939,3617.1148077705934
,,2.2000000000000002,0.055499999999999938,3431.996510821009
,,2.6000000000000001,0.054499999999999944,3185.6959565334082
,,2.9999999999999996,0.054499999999999944,2907.2280959137115
,,3.3999999999999999,0.054499999999999944,2607.7322837443303
,,3.7999999999999998,0.054499999999999944,2316.0036357495705
,314107.0
,,0.20000000000000001,0.089499999999999844,2983.7286696729857
,,0.59999999999999998,0.066499999999999906,3527.2439328119071
,,1.0,0.059499999999999928,3694.075512963364
,,1.3999999999999999,0.055499999999999938,3722.6921780740154
,,1.7999999999999998,0.053499999999999943,3634.5907933908093
,,2.2000000000000002,0.052499999999999949,3445.7059956130224
,,2.6000000000000001,0.051499999999999949,3195.2911769709626
,,2.9999999999999996,0.051499999999999949,2912.9404956326043
,,3.3999999999999999,0.051499999999999949,2610.3400731389238
,,3.7999999999999998,0.051499999999999949,2318.0062381427356
,344505.0
,,0.20000000000000001,0.085499999999999854,2991.8514220040129
,,0.59999999999999998,0.063499999999999918,3542.8028897450722
,,1.0,0.056499999999999939,3711.9406865751134
,,1.3999999999999999,0.052499999999999949,3740.6653150394768
,,1.7999999999999998,0.051499999999999949,3650.4977455847561
,,2.2000000000000002,0.049499999999999954,3458.1178450222515
,,2.6000000000000001,0.049499999999999954,3203.9159912058572
,,2.9999999999999996,0.04849999999999996,2918.0255058379857
,,3.3999999999999999,0.04849999999999996,2612.634901867516
,,3.7999999999999998,0.04849999999999996,2319.8847865875114
,374902.0
,,0.20000000000000001,0.082499999999999865,2999.2606925168971
,,0.59999999999999998,0.060499999999999929,3557.1148907501165
,,1.0,0.053499999999999943,3728.3930553366017
,,1.3999999999999999,0.050499999999999955,3757.2070538861262
,,1.7999999999999998,0.04849999999999996,3665.0944353740842
,,2.2000000000000002,0.047499999999999959,3469.4504499191421
,,2.6000000000000001,0.047499999999999959,3211.7385005787796
,,2.9999999999999996,0.046499999999999965,2922.5963813450358
,,3.3999999999999999,0.046499999999999965,2614.6763962997161
,,3.7999999999999998,0.046499999999999965,2321.6604900324282
,405300.0
,,0.20000000000000001,0.079499999999999876,3006.0691604067283
,,0.59999999999999998,0.058499999999999934,3570.3698541680424
,,1.0,0.051499999999999949,3743.6465976265808
,,1.3999999999999999,0.04849999999999996,3772.5345249625375
,,1.7999999999999998,0.046499999999999965,3678.5817560398254
,,2.2000000000000002,0.045499999999999971,3479.8726759763126
,,2.6000000000000001,0.045499999999999971,3218.8879271487344
,,2.9999999999999996,0.04449999999999997,2926.7394206838198
,,3.3999999999999999,0.04449999999999997,2616.5094266212332
,,3.7999999999999998,0.04449999999999997,2323.3493915848726
1500.0
,101325.0
,,0.20000000000000001,0.052499999999999949,2905.149429584354
,,0.59999999999999998,0.038499999999999986,3347.9100276574827
,,1.0,0.034499999999999996,3486.6754714879903
,,1.3999999999999999,0.032500000000000001,3514.8972905823266
,,1.7999999999999998,0.032500000000000001,3454.3154334437359
,,2.2000000000000002,0.031500000000000007,3314.5651922383886
,,2.6000000000000001,0.031500000000000007,3121.5621009508395
,,2.9999999999999996,0.032500000000000001,2899.2265008291315
,,3.3999999999999999,0.032500000000000001,2654.5628173584141
,,3.7999999999999998,0.033500000000000002,2395.6691766956956
,131722.0
,,0.20000000000000001,0.04449999999999997,2929.9640807131059
,,0.59999999999999998,0.032500000000000001,3389.8516905381243
,,1.0,0.029500000000000012,3534.0801758311441
,,1.3999999999999999,0.027500000000000011,3562.9511062650331
,,1.7999999999999998,0.027500000000000011,3498.5371231008862
,,2.2000000000000002,0.026500000000000006,3351.6052096036287
,,2.6000000000000001,0.027500000000000011,3150.1022447990313
,,2.9999999999999996,0.027500000000000011,2918.9627248721108
,,3.3999999999999999,0.027500000000000011,2665.9238852846115
,,3.7999999999999998,0.027500000000000011,2401.2130991449553
,162120.0
,,0.20000000000000001,0.039499999999999987,2949.5584894583294
,,0.59999999999999998,0.028500000000000008,3423.5387932887556
,,1.0,0.025500000000000009,3572.2586037606375
,,1.3999999999999999,0.024500000000000004,3601.6201231611153
,,1.7999999999999998,0.02350000000000001,3533.9380877410249
,,2.2000000000000002,0.02350000000000001,3380.9834675759898
,,2.6000000000000001,0.02350000000000001,3172.4534867217803
,,2.9999999999999996,0.02350000000000001,2934.1466839612458
,,3.3999999999999999,0.024500000000000004,2674.4504641549588
,,3.7999999999999998,0.024500000000000004,2405.4654727408019
,192517.0
,,0.20000000000000001,0.035499999999999997,2965.7327349753641
,,0.59999999999999998,0.025500000000000009,3451.746806195596
,,1.0,0.02350000000000001,3604.299043544529
,,1.3999999999999999,0.021500000000000009,3634.0477156716906
,,1.7999999999999998,0.021500000000000009,3563.492164699669
,,2.2000000000000002,0.021500000000000009,3405.3160113995386
,,2.6000000000000001,0.021500000000000009,3190.767743937879
,,2.9999999999999996,0.021500000000000009,2946.4035455691051
,,3.3999999999999999,0.021500000000000009,2681.1944858017655
,,3.7999999999999998,0.021500000000000009,2408.9259730350609
,222915.0
,,0.20000000000000001,0.032500000000000001,2979.4934906325593
,,0.59999999999999998,0.02350000000000001,3476.0455649401556
,,1.0,0.021500000000000009,3631.9518431717111
,,1.3999999999999999,0.020500000000000004,3662.0150774810068
,,1.7999999999999998,0.019500000000000007,3588.8799026379884
,,2.2000000000000002,0.019500000000000007,3426.0732098585727
,,2.6000000000000001,0.019500000000000007,3206.2448237216277
,,2.9999999999999996,0.019500000000000007,2956.6283663762201
,,3.3999999999999999,0.019500000000000007,2686.7239331067135
,,3.7999999999999998,0.020500000000000004,2411.8569263425779
,253312.0
,,0.20000000000000001,0.029500000000000012,2991.4587245529351
,,0.59999999999999998,0.021500000000000009,3497.407656266395
,,1.0,0.019500000000000007,3656.3032047318734
,,1.3999999999999999,0.018500000000000003,3686.6273573212088
,,1.7999999999999998,0.018500000000000003,3611.1416973755936
,,2.2000000000000002,0.018500000000000003,3444.1613025739039
,,2.6000000000000001,0.018500000000000003,3219.6192990792269
,,2.9999999999999996,0.018500000000000003,2965.3635522854138
,,3.3999999999999999,0.018500000000000003,2691.377378852831
,,3.7999999999999998,0.018500000000000003,2414.411103794318
,283710.0
,,0.20000000000000001,0.028500000000000008,3002.0373166769896
,,0.59999999999999998,0.020500000000000004,3516.4822668299557
,,1.0,0.018500000000000003,3678.0792700769894
,,1.3999999999999999,0.017500000000000005,3708.6232074882105
,,1.7999999999999998,0.017500000000000005,3630.9713868672111
,,2.2000000000000002,0.016500000000000001,3460.1820379411624
,,2.6000000000000001,0.016500000000000001,3231.375820396458
,,2.9999999999999996,0.017500000000000005,2972.9635248197233
,,3.3999999999999999,0.017500000000000005,2695.3727432934456
,,3.7999999999999998,0.017500000000000005,2416.6850059397175
,314107.0
,,0.20000000000000001,0.026500000000000006,3011.511864925249
,,0.59999999999999998,0.019500000000000007,3533.7212038250846
,,1.0,0.017500000000000005,3697.7860141783513
,,1.3999999999999999,0.016500000000000001,3728.5172461568359
,,1.7999999999999998,0.016500000000000001,3648.8515477826954
,,2.2000000000000002,0.015500000000000003,3474.5525130553333
,,2.6000000000000001,0.015500000000000003,3241.8485887913589
,,2.9999999999999996,0.016500000000000001,2979.6707399679831
,,3.3999999999999999,0.016500000000000001,2698.8572322644168
,,3.7999999999999998,0.016500000000000001,2418.7426995585452
,344505.0
,,0.20000000000000001,0.025500000000000009,3020.0876922639136
,,0.59999999999999998,0.018500000000000003,3549.4552053982152
,,1.0,0.016500000000000001,3715.7943063683583
,,1.3999999999999999,0.015500000000000003,3746.6865939013314
,,1.7999999999999998,0.015500000000000003,3665.1351221183268
,,2.2000000000000002,0.015500000000000003,3487.5766145463399
,,2.6000000000000001,0.015500000000000003,3251.2797449466639
,,2.9999999999999996,0.015500000000000003,2985.6594180414559
,,3.3999999999999999,0.015500000000000003,2701.9353100504673
,,3.7999999999999998,0.015500000000000003,2420.6290717676034
,374902.0
,,0.20000000000000001,0.024500000000000004,3027.9169378398674
,,0.59999999999999998,0.017500000000000005,3563.9306578823289
,,1.0,0.015500000000000003,3732.380682254091
,,1.3999999999999999,0.014500000000000004,3763.4124174162989
,,1.7999999999999998,0.014500000000000004,3680.0849068794396
,,2.2000000000000002,0.014500000000000004,3499.4800080979098
,,2.6000000000000001,0.014500000000000004,3259.8483649354221
,,2.9999999999999996,0.014500000000000004,2991.0575793206999
,,3.3999999999999999,0.014500000000000004,2704.6829684198879
,,3.7999999999999998,0.014500000000000004,2422.3763118089514
,405300.0
,,0.20000000000000001,0.02350000000000001,3035.1170651201978
,,0.59999999999999998,0.016500000000000001,3577.3391009963289
,,1.0,0.015500000000000003,3747.7603689228113
,,1.3999999999999999,0.014500000000000004,3778.9134961823906
,,1.7999999999999998,0.013500000000000003,3693.9050008303439
,,2.2000000000000002,0.013500000000000003,3510.437327030138
,,2.6000000000000001,0.013500000000000003,3267.6923205805751
,,2.9999999999999996,0.013500000000000003,2995.963053393974
,,3.3999999999999999,0.013500000000000003,2707.157649415482
,,3.7999999999999998,0.014500000000000004,2424.0085615872199
1600.0
,101325.0
,,0.20000000000000001,0.021500000000000009,2926.8860605835293
,,0.59999999999999998,0.015500000000000003,3353.044764947756
,,1.0,0.014500000000000004,3489.6079849062921
,,1.3999999999999999,0.013500000000000003,3519.3430092907488
,,1.7999999999999998,0.013500000000000003,3464.8287569493077
,,2.2000000000000002,0.013500000000000003,3336.0900354398705
,,2.6000000000000001,0.013500000000000003,3157.1185338995974
,,2.9999999999999996,0.014500000000000004,2951.4773370473058
,,3.3999999999999999,0.014500000000000004,2727.1585267669266
,,3.7999999999999998,0.014500000000000004,2488.6003346366419
,131722.0
,,0.20000000000000001,0.017500000000000005,2952.7429926581995
,,0.59999999999999998,0.013500000000000003,3395.3815302503876
,,1.0,0.011500000000000002,3537.3327991527808
,,1.3999999999999999,0.011500000000000002,3567.8160122219997
,,1.7999999999999998,0.011500000000000002,3509.8248190026275
,,2.2000000000000002,0.011500000000000002,3374.4419823820876
,,2.6000000000000001,0.011500000000000002,3187.5240527318865
,,2.9999999999999996,0.011500000000000002,2973.5915230465389
,,3.3999999999999999,0.012500000000000002,2741.1452881246423
,,3.7999999999999998,0.012500000000000002,2495.9587217470635
,162120.0
,,0.20000000000000001,0.015500000000000003,2973.1954469858933
,,0.59999999999999998,0.011500000000000002,3429.3985573750856
,,1.0,0.010500000000000001,3575.7805287687534
,,1.3999999999999999,0.0094999999999999998,3606.8390136056842
,,1.7999999999999998,0.0094999999999999998,3545.8794066429546
,,2.2000000000000002,0.0094999999999999998,3404.9174018553003
,,2.6000000000000001,0.0094999999999999998,3211.415266037945
,,2.9999999999999996,0.010500000000000001,2990.7036209752773
,,3.3999999999999999,0.010500000000000001,2751.7397168073285
,,3.7999999999999998,0.010500000000000001,2501.5103152068405
,192517.0
,,0.20000000000000001,0.013500000000000003,2990.1023194320387
,,0.59999999999999998,0.010500000000000001,3457.8916317586209
,,1.0,0.0094999999999999998,3608.0550258422486
,,1.3999999999999999,0.0085000000000000006,3639.5752709752073
,,1.7999999999999998,0.0085000000000000006,3576.0032319665747
,,2.2000000000000002,0.0085000000000000006,3430.1987056907783
,,2.6000000000000001,0.0085000000000000006,3231.0464481544818
,,2.9999999999999996,0.0094999999999999998,3004.5839461644141
,,3.3999999999999999,0.0094999999999999998,2760.1824237170135
,,3.7999999999999998,0.0094999999999999998,2505.9449755506603
,222915.0
,,0.20000000000000001,0.012500000000000002,3004.5043724087132
,,0.59999999999999998,0.0094999999999999998,3482.4424835620857
,,1.0,0.0085000000000000006,3635.9158202244694
,,1.3999999999999999,0.0074999999999999997,3667.817724403897
,,1.7999999999999998,0.0074999999999999997,3601.8986045683373
,,2.2000000000000002,0.0074999999999999997,3451.7952561893549
,,2.6000000000000001,0.0085000000000000006,3247.6771625081233
,,2.9999999999999996,0.0085000000000000006,3016.2115293371876
,,3.3999999999999999,0.0085000000000000006,2767.1485002039335
,,3.7999999999999998,0.0085000000000000006,2509.6288370689858
,253312.0
,,0.20000000000000001,0.011500000000000002,3017.04110105477
,,0.59999999999999998,0.0085000000000000006,3504.0312703164113
,,1.0,0.0074999999999999997,3660.4549922176207
,,1.3999999999999999,0.0074999999999999997,3692.679051542656
,,1.7999999999999998,0.0074999999999999997,3624.6198585321235
,,2.2000000000000002,0.0074999999999999997,3470.6381851796532
,,2.6000000000000001,0.0074999999999999997,3262.0799377710227
,,2.9999999999999996,0.0074999999999999997,3026.1817160143396
,,3.3999999999999999,0.0074999999999999997,2773.04296815832
,,3.7999999999999998,0.0074999999999999997,2512.7770380913475
,283710.0
,,0.20000000000000001,0.010500000000000001,3028.1360073067813
,,0.59999999999999998,0.0074999999999999997,3523.3123603992553
,,1.0,0.0074999999999999997,3682.4027289678388
,,1.3999999999999999,0.0064999999999999988,3714.9030929292053
,,1.7999999999999998,0.0064999999999999988,3644.8704310988605
,,2.2000000000000002,0.0064999999999999988,3487.3463241484174
,,2.6000000000000001,0.0064999999999999988,3274.7653327115477
,,2.9999999999999996,0.0064999999999999988,3034.8847802277246
,,3.3999999999999999,0.0074999999999999997,2778.1280419609188
,,3.7999999999999998,0.0074999999999999997,2515.5263916566937
,314107.0
,,0.20000000000000001,0.010500000000000001,3038.082004584307
,,0.59999999999999998,0.0074999999999999997,3540.741237085505
,,1.0,0.0064999999999999988,3702.2678868614594
,,1.3999999999999999,0.0064999999999999988,3735.0081645498972
,,1.7999999999999998,0.0064999999999999988,3663.1397405888679
,,2.2000000000000002,0.0064999999999999988,3502.3489167031844
,,2.6000000000000001,0.0064999999999999988,3286.0859010670861
,,2.9999999999999996,0.0064999999999999988,3042.5884230084262
,,3.3999999999999999,0.0064999999999999988,2782.5817163052129
,,3.7999999999999998,0.0064999999999999988,2517.9683100979732
,344505.0
,,0.20000000000000001,0.0094999999999999998,3047.0920741853142
,,0.59999999999999998,0.0064999999999999988,3556.6513850545107
,,1.0,0.0064999999999999988,3720.4234977340884
,,1.3999999999999999,0.0064999999999999988,3753.3741674785847
,,1.7999999999999998,0.0054999999999999997,3679.7858688678552
,,2.2000000000000002,0.0054999999999999997,3515.9589459616018
,,2.6000000000000001,0.0064999999999999988,3296.2974572688117
,,2.9999999999999996,0.0064999999999999988,3049.485535037134
,,3.3999999999999999,0.0064999999999999988,2786.5309075006653
,,3.7999999999999998,0.0064999999999999988,2520.1670904395041
,374902.0
,,0.20000000000000001,0.0094999999999999998,3055.3241179617348
,,0.59999999999999998,0.0064999999999999988,3571.2912658806472
,,1.0,0.0064999999999999988,3737.1477357116187
,,1.3999999999999999,0.0054999999999999997,3770.2843756427742
,,1.7999999999999998,0.0054999999999999997,3695.0755097163878
,,2.2000000000000002,0.0054999999999999997,3528.408961616678
,,2.6000000000000001,0.0054999999999999997,3305.5893991824792
,,2.9999999999999996,0.0054999999999999997,3055.7181635682346
,,3.3999999999999999,0.0054999999999999997,2790.068298443553
,,3.7999999999999998,0.0064999999999999988,2522.1690793999419
,405300.0
,,0.20000000000000001,0.0085000000000000006,3062.9001338396806
,,0.59999999999999998,0.0064999999999999988,3584.8540618834063
,,1.0,0.0054999999999999997,3752.6571300646469
,,1.3999999999999999,0.0054999999999999997,3785.9592456676451
,,1.7999999999999998,0.0054999999999999997,3709.21586220279
,,2.2000000000000002,0.0054999999999999997,3539.8790568587519
,,2.6000000000000001,0.0054999999999999997,3314.1077426911347
,,2.9999999999999996,0.0054999999999999997,3061.3951251578369
,,3.3999999999999999,0.0054999999999999997,2793.2642354242466
,,3.7999999999999998,0.0054999999999999997,2524.0090869734267
1700.0
,101325.0
,,0.20000000000000001,0.010500000000000001,2947.7096517669956
,,0.59999999999999998,0.0074999999999999997,3358.6144004517323
,,1.0,0.0074999999999999997,3493.1484091353927
,,1.3999999999999999,0.0074999999999999997,3524.3306280849533
,,1.7999999999999998,0.0074999999999999997,3475.4415357227904
,,2.2000000000000002,0.0074999999999999997,3356.8698270440477
,,2.6000000000000001,0.0074999999999999997,3190.8263362406815
,,2.9999999999999996,0.0074999999999999997,3000.308050663069
,,3.3999999999999999,0.0085000000000000006,2794.3319861261989
,,3.7999999999999998,0.0085000000000000006,2575.5819420344124
,131722.0
,,0.20000000000000001,0.0085000000000000006,2974.5599693500071
,,0.59999999999999998,0.0064999999999999988,3401.3490670471301
,,1.0,0.0054999999999999997,3541.2026857634414
,,1.3999999999999999,0.0054999999999999997,3573.2256441672362
,,1.7999999999999998,0.0054999999999999997,3521.1857085927932
,,2.2000000000000002,0.0054999999999999997,3396.4696269008082
,,2.6000000000000001,0.0064999999999999988,3223.0033089622098
,,2.9999999999999996,0.0064999999999999988,3024.7043847638174
,,3.3999999999999999,0.0064999999999999988,2810.9632348133741
,,3.7999999999999998,0.0064999999999999988,2585.2028473909318
,162120.0
,,0.20000000000000001,0.0074999999999999997,2995.8310275983131
,,0.59999999999999998,0.0054999999999999997,3435.698096373776
,,1.0,0.0054999999999999997,3579.9271674313418
,,1.3999999999999999,0.0044999999999999997,3612.6044365326411
,,1.7999999999999998,0.0044999999999999997,3557.8712541773393
,,2.2000000000000002,0.0054999999999999997,3427.9894085351698
,,2.6000000000000001,0.0054999999999999997,3248.3605861048527
,,2.9999999999999996,0.0054999999999999997,3043.677418296279
,,3.3999999999999999,0.0054999999999999997,2823.6641857160253
,,3.7999999999999998,0.0054999999999999997,2592.4509279234298
,192517.0
,,0.20000000000000001,0.0064999999999999988,3013.4374726483429
,,0.59999999999999998,0.0044999999999999997,3464.4778546438479
,,1.0,0.0044999999999999997,3612.4419209677617
,,1.3999999999999999,0.0044999999999999997,3645.6505409807569
,,1.7999999999999998,0.0044999999999999997,3588.5447522015788
,,2.2000000000000002,0.0044999999999999997,3454.1744732156239
,,2.6000000000000001,0.0044999999999999997,3269.2482607879224
,,2.9999999999999996,0.0044999999999999997,3059.1323259532933
,,3.3999999999999999,0.0044999999999999997,2833.853978429494
,,3.7999999999999998,0.0054999999999999997,2598.217120117733
,222915.0
,,0.20000000000000001,0.0064999999999999988,3028.4523855921439
,,0.59999999999999998,0.0044999999999999997,3489.2821104592049
,,1.0,0.0044999999999999997,3640.5160229077951
,,1.3999999999999999,0.0035000000000000001,3674.1688545948014
,,1.7999999999999998,0.0035000000000000001,3614.9296555454075
,,2.2000000000000002,0.0044999999999999997,3476.5711250779868
,,2.6000000000000001,0.0044999999999999997,3286.9818754993335
,,2.9999999999999996,0.0044999999999999997,3072.1263689545131
,,3.3999999999999999,0.0044999999999999997,2842.3098670564777
,,3.7999999999999998,0.0044999999999999997,2602.9792417202207
,253312.0
,,0.20000000000000001,0.0054999999999999997,3041.5356746997995
,,0.59999999999999998,0.0044999999999999997,3511.0986790208194
,,1.0,0.0035000000000000001,3665.2476566655664
,,1.3999999999999999,0.0035000000000000001,3699.2797079667121
,,1.7999999999999998,0.0035000000000000001,3638.0938280068849
,,2.2000000000000002,0.0035000000000000001,3496.1340743559185
,,2.6000000000000001,0.0035000000000000001,3302.3695359249778
,,2.9999999999999996,0.0035000000000000001,3083.3043245017348
,,3.3999999999999999,0.0044999999999999997,2849.5006877986625
,,3.7999999999999998,0.0044999999999999997,2607.0204918407035
,283710.0
,,0.20000000000000001,0.0054999999999999997,3053.1247119293462
,,0.59999999999999998,0.0035000000000000001,3530.5871656590107
,,1.0,0.0035000000000000001,3687.3712035863391
,,1.3999999999999999,0.0035000000000000001,3721.7322089451718
,,1.7999999999999998,0.0035000000000000001,3658.7500182724157
,,2.2000000000000002,0.0035000000000000001,3513.4983327282939
,,2.6000000000000001,0.0035000000000000001,3315.9461034350625
,,2.9999999999999996,0.0035000000000000001,3093.0900247367781
,,3.3999999999999999,0.0035000000000000001,2855.731473889346
,,3.7999999999999998,0.0035000000000000001,2610.5222745787955
,314107.0
,,0.20000000000000001,0.0044999999999999997,3063.5221970988546
,,0.59999999999999998,0.0035000000000000001,3548.206767630315
,,1.0,0.0035000000000000001,3707.398504710311
,,1.3999999999999999,0.0035000000000000001,3742.0484246186652
,,1.7999999999999998,0.0035000000000000001,3677.3942762818488
,,2.2000000000000002,0.0035000000000000001,3529.1046475491398
,,2.6000000000000001,0.0035000000000000001,3328.0813553770558
,,2.9999999999999996,0.0035000000000000001,3101.7748453381505
,,3.3999999999999999,0.0035000000000000001,2861.2101467347234
,,3.7999999999999998,0.0035000000000000001,2613.6065815127199
,344505.0
,,0.20000000000000001,0.0044999999999999997,3072.9483780506434
,,0.59999999999999998,0.0035000000000000001,3564.2937431419023
,,1.0,0.0035000000000000001,3725.704829503537
,,1.3999999999999999,0.0024999999999999996,3760.6110722777689
,,1.7999999999999998,0.0024999999999999996,3694.3896635609876
,,2.2000000000000002,0.0024999999999999996,3543.2746153801827
,,2.6000000000000001,0.0035000000000000001,3339.0439489814135
,,2.9999999999999996,0.0035000000000000001,3109.5692264467134
,,3.3999999999999999,0.0035000000000000001,2866.0855714116619
,,3.7999999999999998,0.0035000000000000001,2616.3596739530853
,374902.0
,,0.20000000000000001,0.0044999999999999997,3081.5666271337818
,,0.59999999999999998,0.0035000000000000001,3579.098648460727
,,1.0,0.0024999999999999996,3742.5700465528075
,,1.3999999999999999,0.0024999999999999996,3777.7055599280079
,,1.7999999999999998,0.0024999999999999996,3710.0066472342132
,,2.2000000000000002,0.0024999999999999996,3556.2473067306273
,,2.6000000000000001,0.0024999999999999996,3349.0329801322555
,,2.9999999999999996,0.0024999999999999996,3116.6284206835289
,,3.3999999999999999,0.0035000000000000001,2870.4668210010836
,,3.7999999999999998,0.0035000000000000001,2618.8440609437266
,405300.0
,,0.20000000000000001,0.0044999999999999997,3089.5032461995111
,,0.59999999999999998,0.0024999999999999996,3592.8163234155131
,,1.0,0.0024999999999999996,3758.2120303629226
,,1.3999999999999999,0.0024999999999999996,3793.5540407105691
,,1.7999999999999998,0.0024999999999999996,3724.4554269185369
,,2.2000000000000002,0.0024999999999999996,3568.2079853509567
,,2.6000000000000001,0.0024999999999999996,3358.2021232009547
,,2.9999999999999996,0.0024999999999999996,3123.0716121206287
,,3.3999999999999999,0.0024999999999999996,2874.4369795062353
,,3.7999999999999998,0.0024999999999999996,2621.1068706782671
1800.0
,101325.0
,,0.20000000000000001,0.0064999999999999988,2967.6882907968493
,,0.59999999999999998,0.0044999999999999997,3364.5444443491015
,,1.0,0.0044999999999999997,3497.2042896447047
,,1.3999999999999999,0.0044999999999999997,3529.7708173656838
,,1.7999999999999998,0.0044999999999999997,3486.1029354666653
,,2.2000000000000002,0.0044999999999999997,3376.9205241989603
,,2.6000000000000001,0.0044999999999999997,3222.7959905043458
,,2.9999999999999996,0.0054999999999999997,3045.9796489180621
,,3.3999999999999999,0.0054999999999999997,2856.3996584726456
,,3.7999999999999998,0.0054999999999999997,2656.1091026713093
,131722.0
,,0.20000000000000001,0.0054999999999999997,2995.4865739537108
,,0.59999999999999998,0.0035000000000000001,3407.678756693791
,,1.0,0.0035000000000000001,3545.5955630398853
,,1.3999999999999999,0.0035000000000000001,3579.0894275487685
,,1.7999999999999998,0.0035000000000000001,3532.570452869229
,,2.2000000000000002,0.0035000000000000001,3417.7074495309639
,,2.6000000000000001,0.0035000000000000001,3256.6525039094663
,,2.9999999999999996,0.0044999999999999997,3072.5497295415407
,,3.3999999999999999,0.0044999999999999997,2875.6264967494226
,,3.7999999999999998,0.0044999999999999997,2668.2572819179472
,162120.0
,,0.20000000000000001,0.0044999999999999997,3017.5394465184168
,,0.59999999999999998,0.0035000000000000001,3442.361041748658
,,1.0,0.0035000000000000001,3584.6027924824366
,,1.3999999999999999,0.0024999999999999996,3618.8248642409758
,,1.7999999999999998,0.0024999999999999996,3569.8656157727305
,,2.2000000000000002,0.0035000000000000001,3450.2213486639848
,,2.6000000000000001,0.0035000000000000001,3283.4025950446903
,,2.9999999999999996,0.0035000000000000001,3093.3033561155871
,,3.3999999999999999,0.0035000000000000001,2890.4142879253914
,,3.7999999999999998,0.0035000000000000001,2677.4525168410687
,192517.0
,,0.20000000000000001,0.0035000000000000001,3035.8145162292085
,,0.59999999999999998,0.0024999999999999996,3471.4284326217858
,,1.0,0.0024999999999999996,3617.3627875655184
,,1.3999999999999999,0.0024999999999999996,3652.1812326825989
,,1.7999999999999998,0.0024999999999999996,3601.0699027258165
,,2.2000000000000002,0.0024999999999999996,3477.267189418455
,,2.6000000000000001,0.0024999999999999996,3305.4861506037309
,,2.9999999999999996,0.0024999999999999996,3110.2708494929316
,,3.3999999999999999,0.0035000000000000001,2902.34855271796
,,3.7999999999999998,0.0035000000000000001,2684.7856690053209
,222915.0
,,0.20000000000000001,0.0035000000000000001,3051.4155708279568
,,0.59999999999999998,0.0024999999999999996,3496.4868361816043
,,1.0,0.0024999999999999996,3645.6544675406658
,,1.3999999999999999,0.0024999999999999996,3680.9755420120332
,,1.7999999999999998,0.0024999999999999996,3627.927317471846
,,2.2000000000000002,0.0024999999999999996,3500.4263149315552
,,2.6000000000000001,0.0024999999999999996,3324.2711980388472
,,2.9999999999999996,0.0024999999999999996,3124.5822052648409
,,3.3999999999999999,0.0024999999999999996,2912.3023024592076
,,3.7999999999999998,0.0024999999999999996,2690.8471508285879
,253312.0
,,0.20000000000000001,0.0035000000000000001,3065.0219187493508
,,0.59999999999999998,0.0024999999999999996,3518.5317833232921
,,1.0,0.0024999999999999996,3670.5823004637082
,,1.3999999999999999,0.0024999999999999996,3706.3358652347374
,,1.7999999999999998,0.0024999999999999996,3651.5188643438933
,,2.2000000000000002,0.0024999999999999996,3520.6757947780898
,,2.6000000000000001,0.0024999999999999996,3340.5992131156513
,,2.9999999999999996,0.0024999999999999996,3136.9282330887786
,,3.3999999999999999,0.0024999999999999996,2920.8044785937368
,,3.7999999999999998,0.0024999999999999996,2695.9895664359919
,283710.0
,,0.20000000000000001,0.0024999999999999996,3077.0841138898818
,,0.59999999999999998,0.0024999999999999996,3538.2281550819653
,,1.0,0.0015,3692.8849825921775
,,1.3999999999999999,0.0015,3729.0166329287031
,,1.7999999999999998,0.0015,3672.5663290422458
,,2.2000000000000002,0.0015,3538.6659825266529
,,2.6000000000000001,0.0024999999999999996,3355.0278644281757
,,2.9999999999999996,0.0024999999999999996,3147.7640712462598
,,3.3999999999999999,0.0024999999999999996,2928.2006425303293
,,3.7999999999999998,0.0024999999999999996,2700.4402864714234
,314107.0
,,0.20000000000000001,0.0024999999999999996,3087.9141597654634
,,0.59999999999999998,0.0015,3556.0388875892968
,,1.0,0.0015,3713.0774228790374
,,1.3999999999999999,0.0015,3749.543700671486
,,1.7999999999999998,0.0015,3691.5721940149078
,,2.2000000000000002,0.0015,3554.8485316512556
,,2.6000000000000001,0.0015,3367.9430988196982
,,2.9999999999999996,0.0024999999999999996,3157.4032107805047
,,3.3999999999999999,0.0024999999999999996,2934.7271537167362
,,3.7999999999999998,0.0024999999999999996,2704.3531010428032
,344505.0
,,0.20000000000000001,0.0024999999999999996,3097.7392138366449
,,0.59999999999999998,0.0015,3572.3030303753121
,,1.0,0.0015,3731.5371891830828
,,1.3999999999999999,0.0015,3768.3026273176383
,,1.7999999999999998,0.0015,3708.9043497417488
,,2.2000000000000002,0.0015,3569.5532053655529
,,2.6000000000000001,0.0015,3379.6256372568864
,,2.9999999999999996,0.0015,3166.0725140221693
,,3.3999999999999999,0.0015,2940.5538265867153
,,3.7999999999999998,0.0015,2707.8373250178515
,374902.0
,,0.20000000000000001,0.0024999999999999996,3106.7278489950331
,,0.59999999999999998,0.0015,3587.2732474041709
,,1.0,0.0015,3748.5458894190906
,,1.3999999999999999,0.0015,3785.5809727477022
,,1.7999999999999998,0.0015,3724.8369181693829
,,2.2000000000000002,0.0015,3583.0252547567866
,,2.6000000000000001,0.0015,3390.2836881947742
,,2.9999999999999996,0.0015,3173.9396043021666
,,3.3999999999999999,0.0015,2945.8054290042423
,,3.7999999999999998,0.0015,2710.9725458367288
,405300.0
,,0.20000000000000001,0.0024999999999999996,3115.0104624061341
,,0.59999999999999998,0.0015,3601.1460455428601
,,1.0,0.0015,3764.3227781832115
,,1.3999999999999999,0.0015,3801.6025997912798
,,1.7999999999999998,0.0015,3739.5830062790492
,,2.2000000000000002,0.0015,3595.4548455125614
,,2.6000000000000001,0.0015,3400.078126583785
,,2.9999999999999996,0.0015,3181.1333947813878
,,3.3999999999999999,0.0015,2950.5772931523898
,,3.7999999999999998,0.0015,2713.8190202345886
1900.0
,101325.0
,,0.20000000000000001,0.0044999999999999997,2986.8866830881402
,,0.59999999999999998,0.0035000000000000001,3370.7742405493018
,,1.0,0.0024999999999999996,3501.6995848914125
,,1.3999999999999999,0.0024999999999999996,3535.5909111623196
,,1.7999999999999998,0.0035000000000000001,3496.775874944432
,,2.2000000000000002,0.0035000000000000001,3396.2691355030984
,,2.6000000000000001,0.0035000000000000001,3253.144564505199
,,2.9999999999999996,0.0035000000000000001,3088.7633004834574
,,3.3999999999999999,0.0035000000000000001,2913.783067557536
,,3.7999999999999998,0.0035000000000000001,2730.2106549502337
,131722.0
,,0.20000000000000001,0.0035000000000000001,3015.5909214910425
,,0.59999999999999998,0.0024999999999999996,3414.3090966449317
,,1.0,0.0024999999999999996,3550.4338942053314
,,1.3999999999999999,0.0024999999999999996,3585.3337224926258
,,1.7999999999999998,0.0024999999999999996,3543.9435046665126
,,2.2000000000000002,0.0024999999999999996,3438.1861100333745
,,2.6000000000000001,0.0024999999999999996,3288.5924104981996
,,2.9999999999999996,0.0024999999999999996,3117.3942578753367
,,3.3999999999999999,0.0024999999999999996,2935.513477039804
,,3.7999999999999998,0.0035000000000000001,2745.0002203596446
,162120.0
,,0.20000000000000001,0.0024999999999999996,3038.3914681980914
,,0.59999999999999998,0.0024999999999999996,3449.3252296327287
,,1.0,0.0015,3589.7286690469837
,,1.3999999999999999,0.0015,3625.4259125879066
,,1.7999999999999998,0.0024999999999999996,3581.828293699547
,,2.2000000000000002,0.0024999999999999996,3471.6467452016236
,,2.6000000000000001,0.0024999999999999996,3316.6643532654698
,,2.9999999999999996,0.0024999999999999996,3139.8421568132826
,,3.3999999999999999,0.0024999999999999996,2952.3290800352293
,,3.7999999999999998,0.0024999999999999996,2756.2689303739385
,192517.0
,,0.20000000000000001,0.0024999999999999996,3057.3063570824233
,,0.59999999999999998,0.0015,3478.6806608118181
,,1.0,0.0015,3622.7378898663173
,,1.3999999999999999,0.0015,3659.0923682540024
,,1.7999999999999998,0.0015,3613.5456951071255
,,2.2000000000000002,0.0015,3499.5127011093041
,,2.6000000000000001,0.0015,3339.8845549232683
,,2.9999999999999996,0.0024999999999999996,3158.2535118972514
,,3.3999999999999999,0.0024999999999999996,2965.9693005012441
,,3.7999999999999998,0.0024999999999999996,2765.2987187365129
,222915.0
,,0.20000000000000001,0.0024999999999999996,3073.4686174237122
,,0.59999999999999998,0.0015,3503.9934994836422
,,1.0,0.0015,3651.2505578504661
,,1.3999999999999999,0.0015,3688.1623185237709
,,1.7999999999999998,0.0015,3640.8597005019815
,,2.2000000000000002,0.0015,3523.3986038616163
,,2.6000000000000001,0.0015,3359.6703192014188
,,2.9999999999999996,0.0015,3173.8259408753602
,,3.3999999999999999,0.0015,2977.3960791851232
,,3.7999999999999998,0.0015,2772.7887307328706
,253312.0
,,0.20000000000000001,0.0015,3087.5760326287618
,,0.59999999999999998,0.0015,3526.2670298542589
,,1.0,0.0015,3676.3775726639196
,,1.3999999999999999,0.0015,3713.7716413003882
,,1.7999999999999998,0.0015,3664.8640859861594
,,2.2000000000000002,0.0015,3544.3027562449611
,,2.6000000000000001,0.0015,3376.894460330358
,,2.9999999999999996,0.0015,3187.2930990321947
,,3.3999999999999999,0.0015,2987.1943678623611
,,3.7999999999999998,0.0015,2779.1591810368445
,283710.0
,,0.20000000000000001,0.0015,3100.0917135612876
,,0.59999999999999998,0.0015,3546.1714312013619
,,1.0,0.0015,3698.8620423959928
,,1.3999999999999999,0.0015,3736.6801280806162
,,1.7999999999999998,0.0015,3686.2894146771873
,,2.2000000000000002,0.0015,3562.8900792450827
,,2.6000000000000001,0.0015,3392.1360742748475
,,2.9999999999999996,0.0015,3199.1393009982362
,,3.3999999999999999,0.0015,2995.7476274522473
,,3.7999999999999998,0.0015,2784.6825957680412
,314107.0
,,0.20000000000000001,0.0015,3111.3365257130017
,,0.59999999999999998,0.0015,3564.1733940858885
,,1.0,0.0015,3719.2220111404331
,,1.3999999999999999,0.0015,3757.4174469057557
,,1.7999999999999998,0.0015,3705.6444148645787
,,2.2000000000000002,0.0015,3579.6225801902201
,,2.6000000000000001,0.0015,3405.796302838839
,,2.9999999999999996,0.0015,3209.6986681594017
,,3.3999999999999999,0.0015,3003.3188862387201
,,3.7999999999999998,0.0015,2789.5442154106458
,344505.0
,,0.20000000000000001,0.0015,3121.5442101954668
,,0.59999999999999998,0.0015,3580.6147699425715
,,1.0,0.0015,3737.837393763416
,,1.3999999999999999,0.0015,3776.3720150126019
,,1.7999999999999998,0.0015,3723.3016602900234
,,2.2000000000000002,0.0015,3594.8377751443418
,,2.6000000000000001,0.0015,3418.1672084008401
,,2.9999999999999996,0.0015,3219.213402304385
,,3.3999999999999999,0.0015,3010.0976688106084
,,3.7999999999999998,0.0015,2793.8763233892028
,374902.0
,,0.20000000000000001,0.0015,3130.8882955011813
,,0.59999999999999998,0.0015,3595.750337856713
,,1.0,0.0015,3754.9915736940161
,,1.3999999999999999,0.0015,3793.8335551979735
,,1.7999999999999998,0.0015,3739.538820741207
,,2.2000000000000002,0.0015,3608.7867815767659
,,2.6000000000000001,0.0015,3429.4655678458362
,,2.9999999999999996,0.0015,3227.8626903292302
,,3.3999999999999999,0.0015,3016.2235439719548
,,3.7999999999999998,0.0015,2797.7756144437562
,405300.0
,,0.20000000000000001,0.0015,3139.5030810872527
,,0.59999999999999998,0.0015,3609.7782773249064
,,1.0,0.0015,3770.9052134749718
,,1.3999999999999999,0.0054999999999999997,3810.0276482361019
,,1.7999999999999998,0.0015,3754.5718209148122
,,2.2000000000000002,0.0015,3621.6644184171864
,,2.6000000000000001,0.0015,3439.8590304501549
,,2.9999999999999996,0.0015,3235.7845522389175
,,3.3999999999999999,0.0015,3021.8034308166089
,,3.7999999999999998,0.0015,2801.3155858008404
2000.0
,101325.0
,,0.20000000000000001,0.0024999999999999996,3005.3656252367687
,,0.59999999999999998,0.0024999999999999996,3377.2542831833498
,,1.0,0.0024999999999999996,3506.5715352479492
,,1.3999999999999999,0.0024999999999999996,3541.7316883463345
,,1.7999999999999998,0.0024999999999999996,3507.4339221483947
,,2.2000000000000002,0.0024999999999999996,3414.9499351666327
,,2.6000000000000001,0.0024999999999999996,3281.9902767208582
,,2.9999999999999996,0.0024999999999999996,3128.9241202344683
,,3.3999999999999999,0.0024999999999999996,2966.9386864069761
,,3.7999999999999998,0.0024999999999999996,2798.2443365488698
,131722.0
,,0.20000000000000001,0.0024999999999999996,3034.9370751926995
,,0.59999999999999998,0.0015,3421.1899085174614
,,1.0,0.0015,3555.6536924960701
,,1.3999999999999999,0.0015,3591.8985573699078
,,1.7999999999999998,0.0015,3555.2799699494308
,,2.2000000000000002,0.0015,3457.9436687074799
,,2.6000000000000001,0.0015,3318.9459617958751
,,2.9999999999999996,0.0024999999999999996,3159.5039545984259
,,3.3999999999999999,0.0024999999999999996,2991.0569966379262
,,3.7999999999999998,0.0024999999999999996,2815.6798974392891
,162120.0
,,0.20000000000000001,0.0015,3058.4537276202636
,,0.59999999999999998,0.0015,3456.5399552634804
,,1.0,0.0015,3595.2398263038353
,,1.3999999999999999,0.0015,3632.3470408677231
,,1.7999999999999998,0.0015,3593.735739729791
,,2.2000000000000002,0.0015,3492.3066797213301
,,2.6000000000000001,0.0015,3348.27209887959
,,2.9999999999999996,0.0015,3183.5587135426913
,,3.3999999999999999,0.0015,3009.8180548353275
,,3.7999999999999998,0.0015,2829.0543218651565
,192517.0
,,0.20000000000000001,0.0015,3077.9817366899479
,,0.59999999999999998,0.0015,3486.183405015875
,,1.0,0.0015,3628.5014343617759
,,1.3999999999999999,0.0015,3666.3229541381402
,,1.7999999999999998,0.0015,3625.9497828394965
,,2.2000000000000002,0.0015,3520.954586056057
,,2.6000000000000001,0.0015,3372.5720940184729
,,2.9999999999999996,0.0015,3203.3429671114636
,,3.3999999999999999,0.0015,3025.1032714702251
,,3.7999999999999998,0.0015,2839.828011215438
,222915.0
,,0.20000000000000001,0.0015,3094.6820389175491
,,0.59999999999999998,0.0015,3511.7506046253047
,,1.0,0.0015,3657.2377927195266
,,1.3999999999999999,0.0015,3695.6678195017098
,,1.7999999999999998,0.0015,3653.705547825085
,,2.2000000000000002,0.0015,3545.5336810839535
,,2.6000000000000001,0.0015,3393.3095941503216
,,2.9999999999999996,0.0015,3220.1172793071214
,,3.3999999999999999,0.0015,3037.9568573191332
,,3.7999999999999998,0.0015,2848.8024256153521
,253312.0
,,0.20000000000000001,0.0015,3109.2700510746363
,,0.59999999999999998,0.0015,3534.2526109696114
,,1.0,0.0015,3682.5663508044313
,,1.3999999999999999,0.0015,3721.5253599934872
,,1.7999999999999998,0.0015,3678.1092349440469
,,2.2000000000000002,0.0015,3567.0624645778348
,,2.6000000000000001,0.0015,3411.3868921550693
,,2.9999999999999996,0.0015,3234.6552200059205
,,3.3999999999999999,0.0015,3049.0157016787944
,,3.7999999999999998,0.0015,2856.4617985214809
,283710.0
,,0.20000000000000001,0.0015,3122.220870380419
,,0.59999999999999998,0.0054999999999999997,3554.3649135390606
,,1.0,0.0054999999999999997,3705.2347065924787
,,1.3999999999999999,0.0064999999999999988,3744.6607517971975
,,1.7999999999999998,0.0085000000000000006,3699.8999413934816
,,2.2000000000000002,0.0015,3586.2197126109168
,,2.6000000000000001,0.0015,3427.4032454308885
,,2.9999999999999996,0.0015,3247.4683100808843
,,3.3999999999999999,0.0015,3058.6984974488032
,,3.7999999999999998,0.0015,2863.1216795361283
,314107.0
,,0.20000000000000001,0.0015,3133.8638226718144
,,0.59999999999999998,0.0024999999999999996,3572.5579645611301
,,1.0,0.0085000000000000006,3725.7640930023954
,,1.3999999999999999,0.016500000000000001,3765.6074903157923
,,1.7999999999999998,0.0085000000000000006,3719.5924648153059
,,2.2000000000000002,0.018500000000000003,3603.4772778650081
,,2.6000000000000001,0.0015,3441.7740952027757
,,2.9999999999999996,0.0015,3258.909921017158
,,3.3999999999999999,0.0015,3067.2931130405418
,,3.7999999999999998,0.0015,2868.9974253519263
,344505.0
,,0.20000000000000001,0.0015,3144.4389343867724
,,0.59999999999999998,0.0024999999999999996,3589.1764221205544
,,1.0,0.0044999999999999997,3744.5368109886394
,,1.3999999999999999,0.0044999999999999997,3784.7568607665753
,,1.7999999999999998,0.0074999999999999997,3737.5639284964727
,,2.2000000000000002,0.0085000000000000006,3619.1800478606315
,,2.6000000000000001,0.015500000000000003,3454.8021806071506
,,2.9999999999999996,0.0015,3269.2365814726581
,,3.3999999999999999,0.0015,3075.007475610535
,,3.7999999999999998,0.0015,2874.2434363057992
,374902.0
,,0.20000000000000001,0.0015,3154.1244663213338
,,0.59999999999999998,0.0015,3604.4771836681143
,,1.0,0.0035000000000000001,3761.8380482521407
,,1.3999999999999999,0.0044999999999999997,3802.4007548499981
,,1.7999999999999998,0.0064999999999999988,3754.0954467547649
,,2.2000000000000002,0.014500000000000004,3633.5847175071144
,,2.6000000000000001,0.015500000000000003,3466.7123456537192
,,2.9999999999999996,0.0015,3278.6382845174453
,,3.3999999999999999,0.0015,3081.9949953677474
,,3.7999999999999998,0.0015,2878.9729471889918
,405300.0
,,0.20000000000000001,0.0015,3163.0584440642237
,,0.59999999999999998,0.0015,3618.6601035546269
,,1.0,0.0044999999999999997,3777.8898976868813
,,1.3999999999999999,0.0035000000000000001,3818.7664752839983
,,1.7999999999999998,0.0054999999999999997,3769.405679753088
,,2.2000000000000002,0.0054999999999999997,3646.8905290907906
,,2.6000000000000001,0.0094999999999999998,3477.6786200510678
,,2.9999999999999996,0.0015,3287.2615689264917
,,3.3999999999999999,0.0015,3088.3734525683835
,,3.7999999999999998,0.0015,2883.2723227375154
